cellID,abundance_vme_index,richness_vme_index
1,27.070865013713025,0.2541861411962585
2,104.67117354015025,0.35898920940647133
3,95.48141127720032,0.28104869273534044
4,69.4215710140177,0.41695555044244786
5,71.85629360301495,0.22360978166445214
6,34.7727315168489,0.0716567761907908
7,21.540117779524845,0.23700332113533193
8,74.0656079818041,0.1349747685327651
9,86.05645987207633,0.14491618407526527
10,97.35701360896829,0.33250817273284605
